{"CREATE_INSTANT_INVITE":"Créer des invitations","KICK_MEMBERS": "Expulser des membres","BAN_MEMBERS": "Bannir des membres","ADMINISTRATOR": "Administrateur","MANAGE_CHANNELS": "Gérer les salons","MANAGE_GUILD": "Gérer le serveur","ADD_REACTIONS": "Ajouter des réactions","VIEW_AUDIT_LOG": "Voir les logs du serveur","PRIORITY_SPEAKER": "Voix prioritaire","STREAM": "Faire des streams","VIEW_CHANNEL": "Voir les salons","SEND_MESSAGES": "Envoyer des messages","SEND_TTS_MESSAGES": "Envoyer des TTS","MANAGE_MESSAGES": "Gérer les messages","EMBED_LINKS": "envoyer des liens","ATTACH_FILES": "Envoyer des fichiers","READ_MESSAGE_HISTORY": "Voir l'historique des messages","MENTION_EVERYONE": "Mentionner les rôles","USE_EXTERNAL_EMOJIS": "Utiliser des émojis externes","VIEW_GUILD_INSIGHTS": "Voir les paramètres du serveur","CONNECT": "Se connecter à des salons vocaux","SPEAK": "Parler en vocal","MUTE_MEMBERS": "Rendre des membres muets","DEAFEN_MEMBERS": "Déconnecter des membres","MOVE_MEMBERS": "Changer les membres de salons","USE_VAD": "je ne connais pas cette permission",
    "CHANGE_NICKNAME": "Changer le pseudo","MANAGE_NICKNAMES": "Gérer les pseudos","MANAGE_ROLES": "Gérer les rôles","MANAGE_WEBHOOKS": "Gérer les webhooks","MANAGE_EMOJIS": "Gérer les émojis"}